sample_id,conv1_resource,conv2_resource,conv3_resource,energy,cycles,active_pe,active_pe_reduction_percent,conv1_actual_degradation,conv2_actual_degradation,conv3_actual_degradation,maximum_actual_degradation,degradation_violations,quality_feasible
8,32,64,64,17500885.0,45193.0,160,16.666666666666668,0.03897738456726074,0.0,0.0,0.03897738456726074,0,True
12,32,64,64,17500885.0,45193.0,160,16.666666666666668,0.03883504867553711,0.0,0.0,0.03883504867553711,0,True
13,32,64,64,17500885.0,45193.0,160,16.666666666666668,0.0395967960357666,0.0,0.0,0.0395967960357666,0,True
14,32,64,64,17500885.0,45193.0,160,16.666666666666668,0.04179191589355469,0.0,0.0,0.04179191589355469,0,True
19,32,64,64,17500885.0,45193.0,160,16.666666666666668,0.03995990753173828,0.0,0.0,0.03995990753173828,0,True
22,32,64,64,17500885.0,45193.0,160,16.666666666666668,0.03836774826049805,0.0,0.0,0.03836774826049805,0,True
35,32,64,64,17500885.0,45193.0,160,16.666666666666668,0.04149961471557617,0.0,0.0,0.04149961471557617,0,True
36,32,64,64,17500885.0,45193.0,160,16.666666666666668,0.04059457778930664,0.0,0.0,0.04059457778930664,0,True
41,32,64,64,17500885.0,45193.0,160,16.666666666666668,0.04256105422973633,0.0,0.0,0.04256105422973633,0,True
47,32,64,64,17500885.0,45193.0,160,16.666666666666668,0.04336094856262207,0.0,0.0,0.04336094856262207,0,True
53,32,64,64,17500885.0,45193.0,160,16.666666666666668,0.039136648178100586,0.0,0.0,0.039136648178100586,0,True
64,32,64,64,17500885.0,45193.0,160,16.666666666666668,0.04522204399108887,0.0,0.0,0.04522204399108887,0,True
65,32,64,64,17500885.0,45193.0,160,16.666666666666668,0.040662288665771484,0.0,0.0,0.040662288665771484,0,True
66,32,64,64,17500885.0,45193.0,160,16.666666666666668,0.0389707088470459,0.0,0.0,0.0389707088470459,0,True
77,32,64,64,17500885.0,45193.0,160,16.666666666666668,0.04357099533081055,0.0,0.0,0.04357099533081055,0,True
97,32,64,64,17500885.0,45193.0,160,16.666666666666668,0.04235982894897461,0.0,0.0,0.04235982894897461,0,True
107,32,64,64,17500885.0,45193.0,160,16.666666666666668,0.037622690200805664,0.0,0.0,0.037622690200805664,0,True
109,32,64,64,17500885.0,45193.0,160,16.666666666666668,0.03799867630004883,0.0,0.0,0.03799867630004883,0,True
113,32,64,64,17500885.0,45193.0,160,16.666666666666668,0.045584678649902344,0.0,0.0,0.045584678649902344,0,True
