sample_id,conv1_resource,conv2_resource,conv3_resource,energy,cycles,active_pe,active_pe_reduction_percent,actual_degradation_max,degradation_violations
8,64,64,64,17428277.0,39773.0,192,0.0,0.0,0
12,64,64,64,17428277.0,39773.0,192,0.0,0.0,0
13,64,64,64,17428277.0,39773.0,192,0.0,0.0,0
14,64,64,64,17428277.0,39773.0,192,0.0,0.0,0
19,64,64,64,17428277.0,39773.0,192,0.0,0.0,0
22,64,64,64,17428277.0,39773.0,192,0.0,0.0,0
35,64,64,64,17428277.0,39773.0,192,0.0,0.0,0
36,64,64,64,17428277.0,39773.0,192,0.0,0.0,0
41,64,64,64,17428277.0,39773.0,192,0.0,0.0,0
47,64,64,64,17428277.0,39773.0,192,0.0,0.0,0
53,64,64,64,17428277.0,39773.0,192,0.0,0.0,0
64,64,64,64,17428277.0,39773.0,192,0.0,0.0,0
65,64,64,64,17428277.0,39773.0,192,0.0,0.0,0
66,64,64,64,17428277.0,39773.0,192,0.0,0.0,0
77,64,64,64,17428277.0,39773.0,192,0.0,0.0,0
97,64,64,64,17428277.0,39773.0,192,0.0,0.0,0
107,64,64,64,17428277.0,39773.0,192,0.0,0.0,0
109,64,64,64,17428277.0,39773.0,192,0.0,0.0,0
113,64,64,64,17428277.0,39773.0,192,0.0,0.0,0
