resource_conv1,resource_conv2,resource_conv3,PE_array,total_cycles,total_energy,energy_label,active_pe,active_pe_reduction_percent,performance_feasible,energy_feasible,joint_feasible,configuration,pareto_optimal
16,16,16,4x4/4x4/4x4,137797.0,19272485.0,Accelergy output units; physical unit not specified in YAML,48,75.0,False,False,False,"[16,16,16]",True
16,16,32,4x4/4x4/4x8,113605.0,19037221.0,Accelergy output units; physical unit not specified in YAML,64,66.66666666666667,False,False,False,"[16,16,32]",False
16,16,64,4x4/4x4/8x8,101509.0,18751321.0,Accelergy output units; physical unit not specified in YAML,96,50.0,False,False,False,"[16,16,64]",False
16,32,16,4x4/4x8/4x4,108709.0,18844197.0,Accelergy output units; physical unit not specified in YAML,64,66.66666666666667,False,False,False,"[16,32,16]",True
16,32,32,4x4/4x8/4x8,84517.0,18608933.0,Accelergy output units; physical unit not specified in YAML,80,58.333333333333336,False,False,False,"[16,32,32]",True
16,32,64,4x4/4x8/8x8,72421.0,18323033.0,Accelergy output units; physical unit not specified in YAML,112,41.666666666666664,False,False,False,"[16,32,64]",False
16,64,16,4x4/8x8/4x4,94165.0,18219609.0,Accelergy output units; physical unit not specified in YAML,96,50.0,False,False,False,"[16,64,16]",True
16,64,32,4x4/8x8/4x8,69973.0,17984345.0,Accelergy output units; physical unit not specified in YAML,112,41.666666666666664,False,False,False,"[16,64,32]",True
16,64,64,4x4/8x8/8x8,57877.0,17698445.0,Accelergy output units; physical unit not specified in YAML,144,25.0,False,False,False,"[16,64,64]",True
32,16,16,4x8/4x4/4x4,125113.0,19074925.0,Accelergy output units; physical unit not specified in YAML,64,66.66666666666667,False,False,False,"[32,16,16]",False
32,16,32,4x8/4x4/4x8,100921.0,18839661.0,Accelergy output units; physical unit not specified in YAML,80,58.333333333333336,False,False,False,"[32,16,32]",False
32,16,64,4x8/4x4/8x8,88825.0,18553761.0,Accelergy output units; physical unit not specified in YAML,112,41.666666666666664,False,False,False,"[32,16,64]",False
32,32,16,4x8/4x8/4x4,96025.0,18646637.0,Accelergy output units; physical unit not specified in YAML,80,58.333333333333336,False,False,False,"[32,32,16]",False
32,32,32,4x8/4x8/4x8,71833.0,18411373.0,Accelergy output units; physical unit not specified in YAML,96,50.0,False,False,False,"[32,32,32]",True
32,32,64,4x8/4x8/8x8,59737.0,18125473.0,Accelergy output units; physical unit not specified in YAML,128,33.333333333333336,False,False,False,"[32,32,64]",False
32,64,16,4x8/8x8/4x4,81481.0,18022049.0,Accelergy output units; physical unit not specified in YAML,112,41.666666666666664,False,False,False,"[32,64,16]",False
32,64,32,4x8/8x8/4x8,57289.0,17786785.0,Accelergy output units; physical unit not specified in YAML,128,33.333333333333336,False,False,False,"[32,64,32]",True
32,64,64,4x8/8x8/8x8,45193.0,17500885.0,Accelergy output units; physical unit not specified in YAML,160,16.666666666666668,False,False,False,"[32,64,64]",True
64,16,16,8x8/4x4/4x4,119693.0,19002317.0,Accelergy output units; physical unit not specified in YAML,96,50.0,False,False,False,"[64,16,16]",False
64,16,32,8x8/4x4/4x8,95501.0,18767053.0,Accelergy output units; physical unit not specified in YAML,112,41.666666666666664,False,False,False,"[64,16,32]",False
64,16,64,8x8/4x4/8x8,83405.0,18481153.0,Accelergy output units; physical unit not specified in YAML,144,25.0,False,False,False,"[64,16,64]",False
64,32,16,8x8/4x8/4x4,90605.0,18574029.0,Accelergy output units; physical unit not specified in YAML,112,41.666666666666664,False,False,False,"[64,32,16]",False
64,32,32,8x8/4x8/4x8,66413.0,18338765.0,Accelergy output units; physical unit not specified in YAML,128,33.333333333333336,False,False,False,"[64,32,32]",False
64,32,64,8x8/4x8/8x8,54317.0,18052865.0,Accelergy output units; physical unit not specified in YAML,160,16.666666666666668,False,False,False,"[64,32,64]",False
64,64,16,8x8/8x8/4x4,76061.0,17949441.0,Accelergy output units; physical unit not specified in YAML,144,25.0,False,False,False,"[64,64,16]",False
64,64,32,8x8/8x8/4x8,51869.0,17714177.0,Accelergy output units; physical unit not specified in YAML,160,16.666666666666668,False,False,False,"[64,64,32]",False
64,64,64,8x8/8x8/8x8,39773.0,17428277.0,Accelergy output units; physical unit not specified in YAML,192,0.0,True,True,True,"[64,64,64]",True
