case,policy,total_cycles,average_active_pes,total_dense_macs,total_useful_macs,total_skipped_macs,cycle_reduction_vs_fixed64_dense
A,fixed64_dense,9648,64.0,617472,514064,103408,0.0
A,fixed64_sparse,8033,64.0,617472,514064,103408,16.73922056384743
A,adaptive_sparse,8033,64.0,617472,514064,103408,16.73922056384743
B,fixed64_dense,9648,64.0,617472,508064,109408,0.0
B,fixed64_sparse,7939,64.0,617472,508064,109408,17.71351575456053
B,adaptive_sparse,8222,53.333333333333336,617472,508064,109408,14.780265339966833
C,fixed64_dense,9648,64.0,617472,505616,111856,0.0
C,fixed64_sparse,7901,64.0,617472,505616,111856,18.107379767827528
C,adaptive_sparse,8122,53.333333333333336,617472,505616,111856,15.816749585406301
