case,layer,sparsity,selected_resource,active_pes,useful_macs,skipped_macs,analytical_cycles
A,layer1,11.979166666666668,64 PE,64,20368,7280,319
A,layer2,0.87890625,64 PE,64,245888,49024,3842
A,layer3,0.0,64 PE,64,247808,47104,3872
B,layer1,21.875,32 PE,32,18112,9536,566
B,layer2,2.34375,64 PE,64,242144,52768,3784
B,layer3,0.0,64 PE,64,247808,47104,3872
C,layer1,39.58333333333333,32 PE,32,14128,13520,442
C,layer2,1.46484375,64 PE,64,243680,51232,3808
C,layer3,0.0,64 PE,64,247808,47104,3872
