case,layer,sparsity,selected_pe,useful_macs,skipped_macs,analytical_cycles,rtl_cycles,output_match,mac_count_match
A,layer1,3791.6667,64,20368,7280,319,319,1,1
A,layer2,25533.3333,64,245888,49024,3842,3842,1,1
A,layer3,24533.3333,64,247808,47104,3872,3872,1,1
B,layer1,4966.6667,32,18112,9536,566,566,1,1
B,layer2,27483.3333,64,242144,52768,3784,3784,1,1
B,layer3,24533.3333,64,247808,47104,3872,3872,1,1
C,layer1,7041.6667,32,14128,13520,442,442,1,1
C,layer2,26683.3333,64,243680,51232,3808,3808,1,1
C,layer3,24533.3333,64,247808,47104,3872,3872,1,1
