case,layer,policy,cycles,dense_macs,useful_macs,skipped_macs,selected_pe,sparsity
A,layer1,fixed64_dense,432,27648,20368,7280,64,0.0
A,layer2,fixed64_dense,4608,294912,245888,49024,64,0.0
A,layer3,fixed64_dense,4608,294912,247808,47104,64,0.0
B,layer1,fixed64_dense,432,27648,18112,9536,64,0.0
B,layer2,fixed64_dense,4608,294912,242144,52768,64,0.0
B,layer3,fixed64_dense,4608,294912,247808,47104,64,0.0
C,layer1,fixed64_dense,432,27648,14128,13520,64,0.0
C,layer2,fixed64_dense,4608,294912,243680,51232,64,0.0
C,layer3,fixed64_dense,4608,294912,247808,47104,64,0.0
A,layer1,fixed64_sparse,319,27648,20368,7280,64,0.0
A,layer2,fixed64_sparse,3842,294912,245888,49024,64,0.0
A,layer3,fixed64_sparse,3872,294912,247808,47104,64,0.0
B,layer1,fixed64_sparse,283,27648,18112,9536,64,0.0
B,layer2,fixed64_sparse,3784,294912,242144,52768,64,0.0
B,layer3,fixed64_sparse,3872,294912,247808,47104,64,0.0
C,layer1,fixed64_sparse,221,27648,14128,13520,64,0.0
C,layer2,fixed64_sparse,3808,294912,243680,51232,64,0.0
C,layer3,fixed64_sparse,3872,294912,247808,47104,64,0.0
A,layer1,adaptive_sparse,319,27648,20368,7280,64,11.979166666666668
A,layer2,adaptive_sparse,3842,294912,245888,49024,64,0.87890625
A,layer3,adaptive_sparse,3872,294912,247808,47104,64,0.0
B,layer1,adaptive_sparse,566,27648,18112,9536,32,21.875
B,layer2,adaptive_sparse,3784,294912,242144,52768,64,2.34375
B,layer3,adaptive_sparse,3872,294912,247808,47104,64,0.0
C,layer1,adaptive_sparse,442,27648,14128,13520,32,39.58333333333333
C,layer2,adaptive_sparse,3808,294912,243680,51232,64,1.46484375
C,layer3,adaptive_sparse,3872,294912,247808,47104,64,0.0
