layer,PE,array,MAC,GLB_SRAM,DRAM,PE_scratchpads,total,MAC_pct,GLB_SRAM_pct,DRAM_pct,PE_scratchpads_pct
conv1,16,4x4,407664.0,1095804.0,104307.0,2165280.0,3773055.0,10.80461323781392,29.042884347034434,2.7645237082417298,57.38797870690992
conv1,32,4x8,409440.0,847864.0,104311.0,2213880.0,3575495.0,11.451281570803483,23.7131921594073,2.9173862639998096,61.91814000578941
conv1,64,8x8,472000.0,595960.0,61111.0,2373816.0,3502887.0,13.4745996659327,17.013394951078926,1.7445895342898585,67.76741584869852
conv2,16,4x4,949232.0,2535840.0,234499.0,4985856.0,8705427.0,10.903910859283526,29.129415478413637,2.69371048657349,57.272963175729345
conv2,32,4x8,967648.0,1976236.0,234503.0,5098752.0,8277139.0,11.690609520995118,23.875834391569356,2.8331407748498605,61.60041531258567
conv2,64,8x8,1004480.0,1296384.0,121607.0,5230080.0,7652551.0,13.126080440365572,16.94054701497579,1.5891040778428005,68.34426846681583
conv3,16,4x4,847856.0,2036512.0,186371.0,3723264.0,6794003.0,12.47947638527684,29.975141312124826,2.7431692332193554,54.80221306937898
conv3,32,4x8,921568.0,1644588.0,186375.0,3806208.0,6558739.0,14.050993643747677,25.074759035235278,2.841628550854059,58.03261877016298
conv3,64,8x8,1068992.0,1137536.0,103431.0,3962880.0,6272839.0,17.041597911248797,18.134308883106996,1.6488706309854277,63.175222574658775
