layer,PE,array,total_energy,total_cycles,Accelergy_output_units_per_simulated_cycle
conv1,16,4x4,3773055.0,25479.0,148.08489344165784
conv1,32,4x8,3575495.0,12795.0,279.44470496287613
conv1,64,8x8,3502887.0,7375.0,474.96772881355935
conv2,16,4x4,8705427.0,59327.0,146.73634264331585
conv2,32,4x8,8277139.0,30239.0,273.72396573960776
conv2,64,8x8,7652551.0,15695.0,487.57891048104494
conv3,16,4x4,6794003.0,52991.0,128.2105074446604
conv3,32,4x8,6558739.0,28799.0,227.74190076044306
conv3,64,8x8,6272839.0,16703.0,375.55163743040174
