sample_id,fixed64_conv_cycles,adaptive_conv_cycles,cycle_reduction,cycle_reduction_percent
8,39773,45193,-5420,-13.627335126844844
12,39773,45193,-5420,-13.627335126844844
13,39773,45193,-5420,-13.627335126844844
14,39773,45193,-5420,-13.627335126844844
19,39773,45193,-5420,-13.627335126844844
22,39773,45193,-5420,-13.627335126844844
35,39773,45193,-5420,-13.627335126844844
36,39773,45193,-5420,-13.627335126844844
41,39773,45193,-5420,-13.627335126844844
47,39773,45193,-5420,-13.627335126844844
53,39773,45193,-5420,-13.627335126844844
64,39773,45193,-5420,-13.627335126844844
65,39773,45193,-5420,-13.627335126844844
66,39773,45193,-5420,-13.627335126844844
77,39773,45193,-5420,-13.627335126844844
97,39773,45193,-5420,-13.627335126844844
107,39773,45193,-5420,-13.627335126844844
109,39773,45193,-5420,-13.627335126844844
113,39773,45193,-5420,-13.627335126844844
