sample_id,layer,selected_resource,array_rows,array_cols,actual_degradation,predicted_degradation,layer_cycles,fixed64_layer_cycles,cycle_reduction,cycle_reduction_percent
8,conv1,32,4,8,0.03897738456726074,0.03983886361122131,12795,7375,-5420,-73.49152542372882
8,conv2,64,8,8,0.0,0.0,15695,15695,0,0.0
8,conv3,64,8,8,0.0,0.0,16703,16703,0,0.0
8,classifier,64,8,8,0.0,0.0,NA,NA,NA,NA
12,conv1,32,4,8,0.03883504867553711,0.039715121984481815,12795,7375,-5420,-73.49152542372882
12,conv2,64,8,8,0.0,0.0,15695,15695,0,0.0
12,conv3,64,8,8,0.0,0.0,16703,16703,0,0.0
12,classifier,64,8,8,0.0,0.0,NA,NA,NA,NA
13,conv1,32,4,8,0.0395967960357666,0.04116325855255127,12795,7375,-5420,-73.49152542372882
13,conv2,64,8,8,0.0,0.0,15695,15695,0,0.0
13,conv3,64,8,8,0.0,0.0,16703,16703,0,0.0
13,classifier,64,8,8,0.0,0.0,NA,NA,NA,NA
14,conv1,32,4,8,0.04179191589355469,0.042100690603256226,12795,7375,-5420,-73.49152542372882
14,conv2,64,8,8,0.0,0.0,15695,15695,0,0.0
14,conv3,64,8,8,0.0,0.0,16703,16703,0,0.0
14,classifier,64,8,8,0.0,0.0,NA,NA,NA,NA
19,conv1,32,4,8,0.03995990753173828,0.03969499707221985,12795,7375,-5420,-73.49152542372882
19,conv2,64,8,8,0.0,0.0,15695,15695,0,0.0
19,conv3,64,8,8,0.0,0.0,16703,16703,0,0.0
19,classifier,64,8,8,0.0,0.0,NA,NA,NA,NA
22,conv1,32,4,8,0.03836774826049805,0.04058505654335022,12795,7375,-5420,-73.49152542372882
22,conv2,64,8,8,0.0,0.0,15695,15695,0,0.0
22,conv3,64,8,8,0.0,0.0,16703,16703,0,0.0
22,classifier,64,8,8,0.0,0.0,NA,NA,NA,NA
35,conv1,32,4,8,0.04149961471557617,0.03736802935600281,12795,7375,-5420,-73.49152542372882
35,conv2,64,8,8,0.0,0.0,15695,15695,0,0.0
35,conv3,64,8,8,0.0,0.0,16703,16703,0,0.0
35,classifier,64,8,8,0.0,0.0,NA,NA,NA,NA
36,conv1,32,4,8,0.04059457778930664,0.04204669833183289,12795,7375,-5420,-73.49152542372882
36,conv2,64,8,8,0.0,0.0,15695,15695,0,0.0
36,conv3,64,8,8,0.0,0.0,16703,16703,0,0.0
36,classifier,64,8,8,0.0,0.0,NA,NA,NA,NA
41,conv1,32,4,8,0.04256105422973633,0.04373758792877197,12795,7375,-5420,-73.49152542372882
41,conv2,64,8,8,0.0,0.0,15695,15695,0,0.0
41,conv3,64,8,8,0.0,0.0,16703,16703,0,0.0
41,classifier,64,8,8,0.0,0.0,NA,NA,NA,NA
47,conv1,32,4,8,0.04336094856262207,0.040302000045776366,12795,7375,-5420,-73.49152542372882
47,conv2,64,8,8,0.0,0.0,15695,15695,0,0.0
47,conv3,64,8,8,0.0,0.0,16703,16703,0,0.0
47,classifier,64,8,8,0.0,0.0,NA,NA,NA,NA
53,conv1,32,4,8,0.039136648178100586,0.04359593152999878,12795,7375,-5420,-73.49152542372882
53,conv2,64,8,8,0.0,0.0,15695,15695,0,0.0
53,conv3,64,8,8,0.0,0.0,16703,16703,0,0.0
53,classifier,64,8,8,0.0,0.0,NA,NA,NA,NA
64,conv1,32,4,8,0.04522204399108887,0.04009280562400818,12795,7375,-5420,-73.49152542372882
64,conv2,64,8,8,0.0,0.0,15695,15695,0,0.0
64,conv3,64,8,8,0.0,0.0,16703,16703,0,0.0
64,classifier,64,8,8,0.0,0.0,NA,NA,NA,NA
65,conv1,32,4,8,0.040662288665771484,0.03860718965530396,12795,7375,-5420,-73.49152542372882
65,conv2,64,8,8,0.0,0.0,15695,15695,0,0.0
65,conv3,64,8,8,0.0,0.0,16703,16703,0,0.0
65,classifier,64,8,8,0.0,0.0,NA,NA,NA,NA
66,conv1,32,4,8,0.0389707088470459,0.041426732540130615,12795,7375,-5420,-73.49152542372882
66,conv2,64,8,8,0.0,0.0,15695,15695,0,0.0
66,conv3,64,8,8,0.0,0.0,16703,16703,0,0.0
66,classifier,64,8,8,0.0,0.0,NA,NA,NA,NA
77,conv1,32,4,8,0.04357099533081055,0.04009391069412231,12795,7375,-5420,-73.49152542372882
77,conv2,64,8,8,0.0,0.0,15695,15695,0,0.0
77,conv3,64,8,8,0.0,0.0,16703,16703,0,0.0
77,classifier,64,8,8,0.0,0.0,NA,NA,NA,NA
97,conv1,32,4,8,0.04235982894897461,0.04149327635765076,12795,7375,-5420,-73.49152542372882
97,conv2,64,8,8,0.0,0.0,15695,15695,0,0.0
97,conv3,64,8,8,0.0,0.0,16703,16703,0,0.0
97,classifier,64,8,8,0.0,0.0,NA,NA,NA,NA
107,conv1,32,4,8,0.037622690200805664,0.03892039775848389,12795,7375,-5420,-73.49152542372882
107,conv2,64,8,8,0.0,0.0,15695,15695,0,0.0
107,conv3,64,8,8,0.0,0.0,16703,16703,0,0.0
107,classifier,64,8,8,0.0,0.0,NA,NA,NA,NA
109,conv1,32,4,8,0.03799867630004883,0.0370155143737793,12795,7375,-5420,-73.49152542372882
109,conv2,64,8,8,0.0,0.0,15695,15695,0,0.0
109,conv3,64,8,8,0.0,0.0,16703,16703,0,0.0
109,classifier,64,8,8,0.0,0.0,NA,NA,NA,NA
113,conv1,32,4,8,0.045584678649902344,0.039271438121795656,12795,7375,-5420,-73.49152542372882
113,conv2,64,8,8,0.0,0.0,15695,15695,0,0.0
113,conv3,64,8,8,0.0,0.0,16703,16703,0,0.0
113,classifier,64,8,8,0.0,0.0,NA,NA,NA,NA
