sample_id,layer,layer_position,sparsity,mean,variance,predicted_D_16,predicted_D_32,predicted_D_64,selected_resource,predicted_D_selected,actual_D_selected,prediction_error,threshold_satisfied_actual,baseline_resource,resource_reduction_fraction
8,conv1,0.25,0.0,-0.007058341999420274,1.0193955859916275,0.09727099537849426,0.03983886361122131,0.0,32,0.03983886361122131,0.03897738456726074,0.0008614790439605696,True,64,0.5
8,conv2,0.5,0.05615234375,0.6184176571932767,0.1629315319023641,0.11766345977783203,0.09793505907058715,0.0,64,0.0,0.0,0.0,True,64,0.0
8,conv3,0.75,0.2587890625,0.30551049090263405,0.08502544765412166,0.18398321270942689,0.11908069610595703,0.0,64,0.0,0.0,0.0,True,64,0.0
8,classifier,1.0,0.078125,0.08130076816814835,0.012831264039060139,0.18004698157310486,0.11729811906814575,0.0,64,0.0,0.0,0.0,True,64,0.0
12,conv1,0.25,0.0,-0.0036036151179625144,0.9719498989178149,0.09506608128547668,0.039715121984481815,0.0,32,0.039715121984481815,0.03883504867553711,0.0008800733089447052,True,64,0.5
12,conv2,0.5,0.06396484375,0.6033154151397753,0.15442102386000311,0.11344741821289063,0.09524698734283447,0.0,64,0.0,0.0,0.0,True,64,0.0
12,conv3,0.75,0.24853515625,0.2952483751314503,0.07615411240418092,0.17509220719337462,0.11211630821228027,0.0,64,0.0,0.0,0.0,True,64,0.0
12,classifier,1.0,0.0625,0.07769108558659354,0.011938501333990104,0.1749649953842163,0.11325608849525452,0.0,64,0.0,0.0,0.0,True,64,0.0
13,conv1,0.25,0.0,0.00020267441424455987,0.9587539804962002,0.09700346469879151,0.04116325855255127,0.0,32,0.04116325855255127,0.0395967960357666,0.0015664625167846682,True,64,0.5
13,conv2,0.5,0.0595703125,0.6014296503597052,0.14812613843130384,0.11390446424484253,0.09558030128479005,0.0,64,0.0,0.0,0.0,True,64,0.0
13,conv3,0.75,0.25732421875,0.29116649739262357,0.07354619825665708,0.17442052841186523,0.11234443306922913,0.0,64,0.0,0.0,0.0,True,64,0.0
13,classifier,1.0,0.09375,0.07721355085141113,0.011843889209131014,0.1751010835170746,0.11278845071792602,0.0,64,0.0,0.0,0.0,True,64,0.0
14,conv1,0.25,0.0,-0.012644062920382263,0.9974262020838193,0.09748173236846924,0.042100690603256226,0.0,32,0.042100690603256226,0.04179191589355469,0.00030877470970153836,True,64,0.5
14,conv2,0.5,0.060791015625,0.6091123152407363,0.1498015542247415,0.1146494722366333,0.09525647282600402,0.0,64,0.0,0.0,0.0,True,64,0.0
14,conv3,0.75,0.2509765625,0.29455860017878877,0.0779036320712889,0.180001403093338,0.11666115522384643,0.0,64,0.0,0.0,0.0,True,64,0.0
14,classifier,1.0,0.078125,0.08016207765808758,0.012358258817839002,0.18101464748382567,0.1171799099445343,0.0,64,0.0,0.0,0.0,True,64,0.0
19,conv1,0.25,0.0,-0.009437560389301325,1.0051976671081457,0.09529735803604127,0.03969499707221985,0.0,32,0.03969499707221985,0.03995990753173828,-0.0002649104595184304,True,64,0.5
19,conv2,0.5,0.061767578125,0.6192337028296606,0.1627162240281933,0.11484752774238587,0.0978740108013153,0.0,64,0.0,0.0,0.0,True,64,0.0
19,conv3,0.75,0.25830078125,0.3045827663779619,0.08328613386052265,0.18437955379486085,0.11911756873130798,0.0,64,0.0,0.0,0.0,True,64,0.0
19,classifier,1.0,0.078125,0.08080722761269499,0.0127870096882064,0.18008790969848631,0.11626538753509522,0.0,64,0.0,0.0,0.0,True,64,0.0
22,conv1,0.25,0.0,-5.959381953838753e-05,1.0144765847594042,0.09780083298683166,0.04058505654335022,0.0,32,0.04058505654335022,0.03836774826049805,0.0022173082828521734,True,64,0.5
22,conv2,0.5,0.06494140625,0.6083216698508522,0.15935718590572157,0.11375187635421753,0.09554797530174255,0.0,64,0.0,0.0,0.0,True,64,0.0
22,conv3,0.75,0.25830078125,0.3028460450318562,0.08226317990085233,0.18389546871185303,0.11852695465087891,0.0,64,0.0,0.0,0.0,True,64,0.0
22,classifier,1.0,0.109375,0.08032092782741529,0.012552495299271922,0.17990654110908508,0.11551280617713929,0.0,64,0.0,0.0,0.0,True,64,0.0
35,conv1,0.25,0.0,-0.01772906272841131,1.0106927107078185,0.0952550232410431,0.03736802935600281,0.0,32,0.03736802935600281,0.04149961471557617,-0.004131585359573364,True,64,0.5
35,conv2,0.5,0.0546875,0.6190930108652992,0.15951990916823233,0.11745283484458924,0.0979781436920166,0.0,64,0.0,0.0,0.0,True,64,0.0
35,conv3,0.75,0.2548828125,0.30206454150697937,0.07941511653214225,0.1780549728870392,0.11433289051055909,0.0,64,0.0,0.0,0.0,True,64,0.0
35,classifier,1.0,0.078125,0.0814903943137324,0.012630669063440349,0.17724531531333923,0.1134472680091858,0.0,64,0.0,0.0,0.0,True,64,0.0
36,conv1,0.25,0.0,0.014545968451739574,0.9734423829865171,0.09696605205535888,0.04204669833183289,0.0,32,0.04204669833183289,0.04059457778930664,0.0014521205425262473,True,64,0.5
36,conv2,0.5,0.058349609375,0.5968482288466248,0.15442507291767749,0.11297471761703491,0.09559131383895875,0.0,64,0.0,0.0,0.0,True,64,0.0
36,conv3,0.75,0.2490234375,0.2932901165389694,0.07670041351753429,0.17753006458282472,0.11372003316879273,0.0,64,0.0,0.0,0.0,True,64,0.0
36,classifier,1.0,0.078125,0.07830902972045806,0.011837317976712773,0.17328041315078735,0.11256881594657898,0.0,64,0.0,0.0,0.0,True,64,0.0
41,conv1,0.25,0.0,0.03974931813657653,1.045643835471986,0.09958669066429138,0.04373758792877197,0.0,32,0.04373758792877197,0.04256105422973633,0.0011765336990356423,True,64,0.5
41,conv2,0.5,0.067626953125,0.618090382588889,0.16171783791229583,0.11744806528091431,0.09816625356674194,0.0,64,0.0,0.0,0.0,True,64,0.0
41,conv3,0.75,0.24609375,0.3046406831051627,0.08129417890588939,0.18218660473823547,0.11764168500900268,0.0,64,0.0,0.0,0.0,True,64,0.0
41,classifier,1.0,0.0625,0.08040929543676612,0.012674606345946872,0.17964935541152954,0.11559845685958862,0.0,64,0.0,0.0,0.0,True,64,0.0
47,conv1,0.25,0.0,-0.0031425027014743514,1.0648260355695018,0.09896880030632019,0.040302000045776366,0.0,32,0.040302000045776366,0.04336094856262207,-0.003058948516845704,True,64,0.5
47,conv2,0.5,0.061279296875,0.6289907929721039,0.16790126002115402,0.11876748085021972,0.10057917833328248,0.0,64,0.0,0.0,0.0,True,64,0.0
47,conv3,0.75,0.2568359375,0.30719006241656643,0.08661109920050487,0.18469146966934205,0.11956678032875061,0.0,64,0.0,0.0,0.0,True,64,0.0
47,classifier,1.0,0.0625,0.08256472437551565,0.01338925274698228,0.18364886164665223,0.11823854565620423,0.0,64,0.0,0.0,0.0,True,64,0.0
53,conv1,0.25,0.0,0.026692122301634907,1.0019382318476937,0.10084755063056945,0.04359593152999878,0.0,32,0.04359593152999878,0.039136648178100586,0.0044592833518981925,True,64,0.5
53,conv2,0.5,0.06494140625,0.59949878915927,0.1550834646445507,0.11418545961380006,0.09486013293266296,0.0,64,0.0,0.0,0.0,True,64,0.0
53,conv3,0.75,0.24560546875,0.29340537942971423,0.07319249132100593,0.172609646320343,0.11133581757545472,0.0,64,0.0,0.0,0.0,True,64,0.0
53,classifier,1.0,0.078125,0.07773744899986923,0.011694925525874844,0.17248210310935974,0.10954049944877625,0.0,64,0.0,0.0,0.0,True,64,0.0
64,conv1,0.25,0.0,0.005602246624171118,1.003951708173387,0.09807530641555787,0.04009280562400818,0.0,32,0.04009280562400818,0.04522204399108887,-0.0051292383670806865,True,64,0.5
64,conv2,0.5,0.061279296875,0.612506546616487,0.15978775493565367,0.11391670107841492,0.09725454926490784,0.0,64,0.0,0.0,0.0,True,64,0.0
64,conv3,0.75,0.2490234375,0.2980934174090919,0.08120839809283045,0.18103452086448668,0.11657597541809082,0.0,64,0.0,0.0,0.0,True,64,0.0
64,classifier,1.0,0.09375,0.07991054451576929,0.012401378036816561,0.18012538075447082,0.11651859045028687,0.0,64,0.0,0.0,0.0,True,64,0.0
65,conv1,0.25,0.0,-0.03308689035140825,1.0031030470036622,0.09463514924049378,0.03860718965530396,0.0,32,0.03860718965530396,0.040662288665771484,-0.0020550990104675274,True,64,0.5
65,conv2,0.5,0.0576171875,0.61828389350012,0.15713806057457358,0.11672285795211793,0.09736074090003967,0.0,64,0.0,0.0,0.0,True,64,0.0
65,conv3,0.75,0.26513671875,0.29980536135417424,0.08326660284869844,0.18271084308624266,0.11766140103340149,0.0,64,0.0,0.0,0.0,True,64,0.0
65,classifier,1.0,0.0625,0.08147833918974356,0.01299175512815435,0.18370230317115785,0.1186430549621582,0.0,64,0.0,0.0,0.0,True,64,0.0
66,conv1,0.25,0.0,0.009076871136964352,1.0437708545992423,0.09883424282073974,0.041426732540130615,0.0,32,0.041426732540130615,0.0389707088470459,0.0024560236930847162,True,64,0.5
66,conv2,0.5,0.064697265625,0.6146144781217799,0.16562198756927865,0.11611716032028198,0.09869089007377624,0.0,64,0.0,0.0,0.0,True,64,0.0
66,conv3,0.75,0.24951171875,0.3050200876477902,0.08130583852964918,0.1822471284866333,0.11765599131584167,0.0,64,0.0,0.0,0.0,True,64,0.0
66,classifier,1.0,0.0625,0.08030137500963974,0.012490272960865382,0.18014042139053343,0.11556715369224549,0.0,64,0.0,0.0,0.0,True,64,0.0
77,conv1,0.25,0.0,-0.0012968838491360657,0.9902501009460885,0.09553060173988343,0.04009391069412231,0.0,32,0.04009391069412231,0.04357099533081055,-0.003477084636688235,True,64,0.5
77,conv2,0.5,0.064453125,0.6048113753515167,0.1574411866230208,0.11399786949157714,0.09542539358139038,0.0,64,0.0,0.0,0.0,True,64,0.0
77,conv3,0.75,0.2451171875,0.294284297869126,0.0770284364122849,0.17806895732879638,0.11481817126274109,0.0,64,0.0,0.0,0.0,True,64,0.0
77,classifier,1.0,0.078125,0.0786359584985803,0.011921013180084752,0.17543578147888184,0.1128599214553833,0.0,64,0.0,0.0,0.0,True,64,0.0
97,conv1,0.25,0.0,-0.0007401582826673803,1.0411079360016058,0.09909206628799438,0.04149327635765076,0.0,32,0.04149327635765076,0.04235982894897461,-0.0008665525913238506,True,64,0.5
97,conv2,0.5,0.056884765625,0.6204364406291347,0.16619606865626851,0.11785200595855713,0.09855287075042725,0.0,64,0.0,0.0,0.0,True,64,0.0
97,conv3,0.75,0.26220703125,0.30359471953420325,0.08494796899029905,0.18429275035858153,0.11929407596588135,0.0,64,0.0,0.0,0.0,True,64,0.0
97,classifier,1.0,0.078125,0.08292484169805903,0.013333203520636756,0.18454523921012878,0.11848386883735657,0.0,64,0.0,0.0,0.0,True,64,0.0
107,conv1,0.25,0.0,0.011085792598692024,0.9713092765002538,0.0933002245426178,0.03892039775848389,0.0,32,0.03892039775848389,0.037622690200805664,0.0012977075576782252,True,64,0.5
107,conv2,0.5,0.058349609375,0.5926234781437643,0.14827161337915845,0.11521655917167664,0.09587221145629883,0.0,64,0.0,0.0,0.0,True,64,0.0
107,conv3,0.75,0.26123046875,0.2880476384312658,0.07234482048517987,0.17126911163330077,0.11059554696083068,0.0,64,0.0,0.0,0.0,True,64,0.0
107,classifier,1.0,0.0625,0.07563178964301187,0.011149213724654269,0.17119378685951234,0.11143039584159851,0.0,64,0.0,0.0,0.0,True,64,0.0
109,conv1,0.25,0.0,-0.0752325393201545,0.9607459724104155,0.09151231169700623,0.0370155143737793,0.0,32,0.0370155143737793,0.03799867630004883,-0.0009831619262695296,True,64,0.5
109,conv2,0.5,0.0595703125,0.6204130298464179,0.15737745935040132,0.11733380675315858,0.09744063258171082,0.0,64,0.0,0.0,0.0,True,64,0.0
109,conv3,0.75,0.2685546875,0.3002704013163111,0.08096209283900795,0.1805203676223755,0.11535848379135132,0.0,64,0.0,0.0,0.0,True,64,0.0
109,classifier,1.0,0.046875,0.0799607289513915,0.012770087283716062,0.18085121273994445,0.1164474093914032,0.0,64,0.0,0.0,0.0,True,64,0.0
113,conv1,0.25,0.0,0.00512687593783312,1.0042475699013502,0.09682089567184449,0.039271438121795656,0.0,32,0.039271438121795656,0.045584678649902344,-0.006313240528106688,True,64,0.5
113,conv2,0.5,0.057861328125,0.6226299682186891,0.15908101308656913,0.11675419807434081,0.09734461903572082,0.0,64,0.0,0.0,0.0,True,64,0.0
113,conv3,0.75,0.25537109375,0.303810218659919,0.08173035110811004,0.1834578812122345,0.11878580808639526,0.0,64,0.0,0.0,0.0,True,64,0.0
113,classifier,1.0,0.078125,0.08043973122755688,0.012771065826487878,0.18038580536842347,0.11597421646118164,0.0,64,0.0,0.0,0.0,True,64,0.0
