sample_id,layer,sparsity,mean,variance,layer_position,predicted_D16,predicted_D32,predicted_D64,selected_resource,threshold
8,classifier,0.078125,0.08130076800853203,0.01283126499088324,1.0,0.18004698157310486,0.11729811906814575,0.0,64,0.05
8,conv1,0.0,-0.007058341999420274,1.0193955859916275,0.25,0.09727099537849426,0.03983886361122131,0.0,32,0.05
8,conv2,0.05615234375,0.6184176584784482,0.16293153256997944,0.5,0.11766345977783203,0.09793505907058715,0.0,64,0.05
8,conv3,0.2587890625,0.3055104914490201,0.08502545052492876,0.75,0.18398321270942689,0.11908069610595703,0.0,64,0.05
12,classifier,0.0625,0.07769108448110273,0.011938501205443205,1.0,0.1749649953842163,0.11325608849525452,0.0,64,0.05
12,conv1,0.0,-0.0036036151179625144,0.9719498989178149,0.25,0.09506608128547668,0.039715121984481815,0.0,32,0.05
12,conv2,0.06396484375,0.6033154154848859,0.1544210247698541,0.5,0.11344741821289063,0.09524698734283447,0.0,64,0.05
12,conv3,0.24853515625,0.29524837531859305,0.0761541121429891,0.75,0.17509220719337462,0.11211630821228027,0.0,64,0.05
13,classifier,0.09375,0.07721355132798635,0.011843889979625719,1.0,0.1751010835170746,0.11278845071792602,0.0,64,0.05
13,conv1,0.0,0.00020267441424455987,0.9587539804962002,0.25,0.09700346469879151,0.04116325855255127,0.0,32,0.05
13,conv2,0.0595703125,0.6014296507493384,0.14812613971798533,0.5,0.11390446424484253,0.09558030128479005,0.0,64,0.05
13,conv3,0.25732421875,0.2911664963803702,0.07354619886957715,0.75,0.17442052841186523,0.11234443306922913,0.0,64,0.05
14,classifier,0.078125,0.0801620794264295,0.012358259276168793,1.0,0.18101464748382567,0.1171799099445343,0.0,64,0.05
14,conv1,0.0,-0.012644062920382263,0.9974262020838193,0.25,0.09748173236846924,0.042100690603256226,0.0,32,0.05
14,conv2,0.060791015625,0.6091123150500763,0.149801555686376,0.5,0.1146494722366333,0.09525647282600402,0.0,64,0.05
14,conv3,0.2509765625,0.2945585998295144,0.07790363332442723,0.75,0.180001403093338,0.11666115522384643,0.0,64,0.05
19,classifier,0.078125,0.08080722562635856,0.012787009587882685,1.0,0.18008790969848631,0.11626538753509522,0.0,64,0.05
19,conv1,0.0,-0.009437560389301325,1.0051976671081457,0.25,0.09529735803604127,0.03969499707221985,0.0,32,0.05
19,conv2,0.061767578125,0.6192337026051078,0.1627162247037091,0.5,0.11484752774238587,0.0978740108013153,0.0,64,0.05
19,conv3,0.25830078125,0.3045827659039446,0.08328613373001216,0.75,0.18437955379486085,0.11911756873130798,0.0,64,0.05
22,classifier,0.109375,0.08032092978628214,0.01255249600618515,1.0,0.17990654110908508,0.11551280617713929,0.0,64,0.05
22,conv1,0.0,-5.959381953838753e-05,1.0144765847594042,0.25,0.09780083298683166,0.04058505654335022,0.0,32,0.05
22,conv2,0.06494140625,0.6083216699345542,0.1593571887456688,0.5,0.11375187635421753,0.09554797530174255,0.0,64,0.05
22,conv3,0.25830078125,0.3028460437211038,0.08226318197942342,0.75,0.18389546871185303,0.11852695465087891,0.0,64,0.05
35,classifier,0.078125,0.08149039598743002,0.01263066917957935,1.0,0.17724531531333923,0.1134472680091858,0.0,64,0.05
35,conv1,0.0,-0.01772906272841131,1.0106927107078185,0.25,0.0952550232410431,0.03736802935600281,0.0,32,0.05
35,conv2,0.0546875,0.6190930130620416,0.15951991135935856,0.5,0.11745283484458924,0.0979781436920166,0.0,64,0.05
35,conv3,0.2548828125,0.30206454430297214,0.07941512055977873,0.75,0.1780549728870392,0.11433289051055909,0.0,64,0.05
36,classifier,0.078125,0.07830902989462629,0.011837317880307653,1.0,0.17328041315078735,0.11256881594657898,0.0,64,0.05
36,conv1,0.0,0.014545968451739574,0.9734423829865171,0.25,0.09696605205535888,0.04204669833183289,0.0,32,0.05
36,conv2,0.058349609375,0.5968482312527641,0.1544250752948661,0.5,0.11297471761703491,0.09559131383895875,0.0,64,0.05
36,conv3,0.2490234375,0.2932901139103308,0.07670041246926461,0.75,0.17753006458282472,0.11372003316879273,0.0,64,0.05
41,classifier,0.0625,0.08040929398762842,0.012674606022265947,1.0,0.17964935541152954,0.11559845685958862,0.0,64,0.05
41,conv1,0.0,0.03974931813657653,1.045643835471986,0.25,0.09958669066429138,0.04373758792877197,0.0,32,0.05
41,conv2,0.067626953125,0.6180903840527137,0.16171784012053242,0.5,0.11744806528091431,0.09816625356674194,0.0,64,0.05
41,conv3,0.24609375,0.3046406819443064,0.0812941813958618,0.75,0.18218660473823547,0.11764168500900268,0.0,64,0.05
47,classifier,0.0625,0.08256472521588876,0.013389253711973477,1.0,0.18364886164665223,0.11823854565620423,0.0,64,0.05
47,conv1,0.0,-0.0031425027014743514,1.0648260355695018,0.25,0.09896880030632019,0.040302000045776366,0.0,32,0.05
47,conv2,0.061279296875,0.6289907950324505,0.16790126189906973,0.5,0.11876748085021972,0.10057917833328248,0.0,64,0.05
47,conv3,0.2568359375,0.30719005770600916,0.08661109702472722,0.75,0.18469146966934205,0.11956678032875061,0.0,64,0.05
53,classifier,0.078125,0.0777374506965316,0.011694925971356756,1.0,0.17248210310935974,0.10954049944877625,0.0,64,0.05
53,conv1,0.0,0.026692122301634907,1.0019382318476937,0.25,0.10084755063056945,0.04359593152999878,0.0,32,0.05
53,conv2,0.06494140625,0.5994987898493527,0.15508346663506417,0.5,0.11418545961380006,0.09486013293266296,0.0,64,0.05
53,conv3,0.24560546875,0.2934053774959011,0.07319249278554804,0.75,0.172609646320343,0.11133581757545472,0.0,64,0.05
64,classifier,0.09375,0.07991054807644105,0.012401380253568493,1.0,0.18012538075447082,0.11651859045028687,0.0,64,0.05
64,conv1,0.0,0.005602246624171118,1.003951708173387,0.25,0.09807530641555787,0.04009280562400818,0.0,32,0.05
64,conv2,0.061279296875,0.612506548347227,0.15978775641373189,0.5,0.11391670107841492,0.09725454926490784,0.0,64,0.05
64,conv3,0.2490234375,0.29809341913426124,0.08120840081346374,0.75,0.18103452086448668,0.11657597541809082,0.0,64,0.05
65,classifier,0.0625,0.0814783405307935,0.012991755832454386,1.0,0.18370230317115785,0.1186430549621582,0.0,64,0.05
65,conv1,0.0,-0.03308689035140825,1.0031030470036622,0.25,0.09463514924049378,0.03860718965530396,0.0,32,0.05
65,conv2,0.0576171875,0.618283892405131,0.15713806083407889,0.5,0.11672285795211793,0.09736074090003967,0.0,64,0.05
65,conv3,0.26513671875,0.29980535996838853,0.08326660389433892,0.75,0.18271084308624266,0.11766140103340149,0.0,64,0.05
66,classifier,0.0625,0.08030137606647259,0.012490273095750407,1.0,0.18014042139053343,0.11556715369224549,0.0,64,0.05
66,conv1,0.0,0.009076871136964352,1.0437708545992423,0.25,0.09883424282073974,0.041426732540130615,0.0,32,0.05
66,conv2,0.064697265625,0.6146144798665034,0.1656219889233045,0.5,0.11611716032028198,0.09869089007377624,0.0,64,0.05
66,conv3,0.24951171875,0.3050200867683657,0.08130584126723206,0.75,0.1822471284866333,0.11765599131584167,0.0,64,0.05
77,classifier,0.078125,0.07863595983076266,0.011921014098508428,1.0,0.17543578147888184,0.1128599214553833,0.0,64,0.05
77,conv1,0.0,-0.0012968838491360657,0.9902501009460885,0.25,0.09553060173988343,0.04009391069412231,0.0,32,0.05
77,conv2,0.064453125,0.604811375139775,0.157441188925864,0.5,0.11399786949157714,0.09542539358139038,0.0,64,0.05
77,conv3,0.2451171875,0.29428429640366005,0.07702843602078416,0.75,0.17806895732879638,0.11481817126274109,0.0,64,0.05
97,classifier,0.078125,0.08292484277353651,0.013333203781739056,1.0,0.18454523921012878,0.11848386883735657,0.0,64,0.05
97,conv1,0.0,-0.0007401582826673803,1.0411079360016058,0.25,0.09909206628799438,0.04149327635765076,0.0,32,0.05
97,conv2,0.056884765625,0.6204364414227541,0.16619607281014143,0.5,0.11785200595855713,0.09855287075042725,0.0,64,0.05
97,conv3,0.26220703125,0.3035947230316083,0.08494796813276638,0.75,0.18429275035858153,0.11929407596588135,0.0,64,0.05
107,classifier,0.0625,0.07563179219611982,0.011149214916096592,1.0,0.17119378685951234,0.11143039584159851,0.0,64,0.05
107,conv1,0.0,0.011085792598692024,0.9713092765002538,0.25,0.0933002245426178,0.03892039775848389,0.0,32,0.05
107,conv2,0.058349609375,0.5926234826944281,0.14827161636525105,0.5,0.11521655917167664,0.09587221145629883,0.0,64,0.05
107,conv3,0.26123046875,0.28804763972888736,0.07234482126713296,0.75,0.17126911163330077,0.11059554696083068,0.0,64,0.05
109,classifier,0.046875,0.07996072963084089,0.01277008750653199,1.0,0.18085121273994445,0.1164474093914032,0.0,64,0.05
109,conv1,0.0,-0.0752325393201545,0.9607459724104155,0.25,0.09151231169700623,0.0370155143737793,0.0,32,0.05
109,conv2,0.0595703125,0.620413029000531,0.1573774601379228,0.5,0.11733380675315858,0.09744063258171082,0.0,64,0.05
109,conv3,0.2685546875,0.3002704007185173,0.08096209372551004,0.75,0.1805203676223755,0.11535848379135132,0.0,64,0.05
113,classifier,0.078125,0.08043972999945481,0.012771065575034025,1.0,0.18038580536842347,0.11597421646118164,0.0,64,0.05
113,conv1,0.0,0.00512687593783312,1.0042475699013502,0.25,0.09682089567184449,0.039271438121795656,0.0,32,0.05
113,conv2,0.057861328125,0.6226299679230909,0.15908101633063254,0.5,0.11675419807434081,0.09734461903572082,0.0,64,0.05
113,conv3,0.25537109375,0.30381021628085847,0.08173034907330977,0.75,0.1834578812122345,0.11878580808639526,0.0,64,0.05
