sample_id,layer,predicted_D16,predicted_D32,predicted_D64,selected_resource
8,classifier,0.20225776116053262,0.2175070810317993,0.0,64
8,conv1,0.09740688641866048,0.03976397196451823,0.0,32
8,conv2,0.11781829992930094,0.0979392162958781,0.0,64
8,conv3,0.18422254006067912,0.11910821278889974,0.0,64
12,classifier,0.1979232128461202,0.21338040908177694,0.0,64
12,conv1,0.09518752336502075,0.03990773280461629,0.0,32
12,conv2,0.11347367366154988,0.09521972179412842,0.0,64
12,conv3,0.1747247338294983,0.11200068473815918,0.0,64
13,classifier,0.19787468989690146,0.21302624146143595,0.0,64
13,conv1,0.09720438559850057,0.04113414764404297,0.0,32
13,conv2,0.11407698074976604,0.09566371440887451,0.0,64
13,conv3,0.17456856886545816,0.11259864250818888,0.0,64
14,classifier,0.20308462142944336,0.21814196666081748,0.0,64
14,conv1,0.0974299709002177,0.04219732681910197,0.0,32
14,conv2,0.1146516466140747,0.09521327177683513,0.0,64
14,conv3,0.17958215634028116,0.11661121924718221,0.0,64
19,classifier,0.20047913233439127,0.21602560997009276,0.0,64
19,conv1,0.0953685720761617,0.03971249421437582,0.0,32
19,conv2,0.11511202255884806,0.09777469555536906,0.0,64
19,conv3,0.1844327147801717,0.11911746501922607,0.0,64
22,classifier,0.20092821439107258,0.21630446434020997,0.0,64
22,conv1,0.0978456743558248,0.04055508216222127,0.0,32
22,conv2,0.11410524765650432,0.09552301406860352,0.0,64
22,conv3,0.1837929622332255,0.11860203504562378,0.0,64
35,classifier,0.19693782567977905,0.2121053091684977,0.0,64
35,conv1,0.09524809678395589,0.03734597682952881,0.0,32
35,conv2,0.11758184432983398,0.09792554060618083,0.0,64
35,conv3,0.17758288939793904,0.11432616392771403,0.0,64
36,classifier,0.1959015941619873,0.21214728991190593,0.0,64
36,conv1,0.09708320061365763,0.04188880523045858,0.0,32
36,conv2,0.1130148180325826,0.09549288670221964,0.0,64
36,conv3,0.17763925711313883,0.11411480903625489,0.0,64
41,classifier,0.20013362407684326,0.21524959325790405,0.0,64
41,conv1,0.09959654331207275,0.04374802668889364,0.0,32
41,conv2,0.1172472635904948,0.09809954881668091,0.0,64
41,conv3,0.18238994042078654,0.11755587180455526,0.0,64
47,classifier,0.2037378716468811,0.21922588745752972,0.0,64
47,conv1,0.09891537427902222,0.0405168883005778,0.0,32
47,conv2,0.11880989154179891,0.10058093070983887,0.0,64
47,conv3,0.18394777456919353,0.11956167062123617,0.0,64
53,classifier,0.19451545635859172,0.20998441457748412,0.0,64
53,conv1,0.10070867300033569,0.04358989397684733,0.0,32
53,conv2,0.11430003881454467,0.09501052220662434,0.0,64
53,conv3,0.17280159632364908,0.1113243309656779,0.0,64
64,classifier,0.20167935689290364,0.2170376229286194,0.0,64
64,conv1,0.0982207179069519,0.0401172137260437,0.0,32
64,conv2,0.11390316247940063,0.09746349414189656,0.0,64
64,conv3,0.18082191387812296,0.1164211098353068,0.0,64
65,classifier,0.20428167661031088,0.21975021680196127,0.0,64
65,conv1,0.09480006059010823,0.03850688139597575,0.0,32
65,conv2,0.1170721419652303,0.09734859387079875,0.0,64
65,conv3,0.18256606578826903,0.11785412391026814,0.0,64
66,classifier,0.20032421668370565,0.2155026666323344,0.0,64
66,conv1,0.09871108770370483,0.04117918650309245,0.0,32
66,conv2,0.11638240098953247,0.09872836589813233,0.0,64
66,conv3,0.18244282960891722,0.11759045203526815,0.0,64
77,classifier,0.19805776039759318,0.2133378823598226,0.0,64
77,conv1,0.09544641812642415,0.040152927239735924,0.0,32
77,conv2,0.11374563296635945,0.09519295930862427,0.0,64
77,conv3,0.1779095451037089,0.11509220043818157,0.0,64
97,classifier,0.2048181406656901,0.22007590611775715,0.0,64
97,conv1,0.09899669567743938,0.04137589852015178,0.0,32
97,conv2,0.11796770652135213,0.09879658063252766,0.0,64
97,conv3,0.1845967650413513,0.11932725111643473,0.0,64
107,classifier,0.19538994868596396,0.21102917273839314,0.0,64
107,conv1,0.09320314407348633,0.03891096512476603,0.0,32
107,conv2,0.11516844431559245,0.0958247955640157,0.0,64
107,conv3,0.17132559855779012,0.11424355506896973,0.0,64
109,classifier,0.2004791458447774,0.21600759347279866,0.0,64
109,conv1,0.09118029991785685,0.03700848420461019,0.0,32
109,conv2,0.11751651287078857,0.09759108861287435,0.0,64
109,conv3,0.18039896011352538,0.11529036362965901,0.0,64
113,classifier,0.20053980747858682,0.21592774550120036,0.0,64
113,conv1,0.0969346563021342,0.03930278142293294,0.0,32
113,conv2,0.11684819380442302,0.09731780370076497,0.0,64
113,conv3,0.18364805301030476,0.11882324775060017,0.0,64
