sample_id,conv1_resource_stage4,conv2_resource_stage4,conv3_resource_stage4,conv1_predicted_D16,conv1_predicted_D32,conv1_predicted_D64,conv2_predicted_D16,conv2_predicted_D32,conv2_predicted_D64,conv3_predicted_D16,conv3_predicted_D32,conv3_predicted_D64,conv1_actual_D_selected,conv2_actual_D_selected,conv3_actual_D_selected,adaptive_energy_stage4,fixed64_energy,energy_saving_stage4,energy_saving_percent_stage4,adaptive_cycles_stage4,fixed64_cycles,cycle_saving_stage4,cycle_saving_percent_stage4,conv1_resource_energy_policy,conv2_resource_energy_policy,conv3_resource_energy_policy,energy_energy_policy,energy_saving_energy_policy,energy_saving_percent_energy_policy,cycles_energy_policy,cycle_saving_energy_policy,cycle_saving_percent_energy_policy,energy_policy_degradation_violations,conv1_actual_D_energy_policy,conv2_actual_D_energy_policy,conv3_actual_D_energy_policy,energy_policy_fallback_to_64
8,32,64,64,0.09727099537849426,0.03983886361122131,0.0,0.11766345977783203,0.09793505907058715,0.0,0.18398321270942689,0.11908069610595703,0.0,0.03897738456726074,0.0,0.0,17500885.0,17428277.0,-72608.0,-0.4166103166710054,45193.0,39773.0,-5420.0,-13.627335126844844,64,64,64,17428277.0,0.0,0.0,39773.0,0.0,0.0,0,0.0,0.0,0.0,False
12,32,64,64,0.09506608128547668,0.039715121984481815,0.0,0.11344741821289063,0.09524698734283447,0.0,0.17509220719337462,0.11211630821228027,0.0,0.03883504867553711,0.0,0.0,17500885.0,17428277.0,-72608.0,-0.4166103166710054,45193.0,39773.0,-5420.0,-13.627335126844844,64,64,64,17428277.0,0.0,0.0,39773.0,0.0,0.0,0,0.0,0.0,0.0,False
13,32,64,64,0.09700346469879151,0.04116325855255127,0.0,0.11390446424484253,0.09558030128479005,0.0,0.17442052841186523,0.11234443306922913,0.0,0.0395967960357666,0.0,0.0,17500885.0,17428277.0,-72608.0,-0.4166103166710054,45193.0,39773.0,-5420.0,-13.627335126844844,64,64,64,17428277.0,0.0,0.0,39773.0,0.0,0.0,0,0.0,0.0,0.0,False
14,32,64,64,0.09748173236846924,0.042100690603256226,0.0,0.1146494722366333,0.09525647282600402,0.0,0.180001403093338,0.11666115522384643,0.0,0.04179191589355469,0.0,0.0,17500885.0,17428277.0,-72608.0,-0.4166103166710054,45193.0,39773.0,-5420.0,-13.627335126844844,64,64,64,17428277.0,0.0,0.0,39773.0,0.0,0.0,0,0.0,0.0,0.0,False
19,32,64,64,0.09529735803604127,0.03969499707221985,0.0,0.11484752774238587,0.0978740108013153,0.0,0.18437955379486085,0.11911756873130798,0.0,0.03995990753173828,0.0,0.0,17500885.0,17428277.0,-72608.0,-0.4166103166710054,45193.0,39773.0,-5420.0,-13.627335126844844,64,64,64,17428277.0,0.0,0.0,39773.0,0.0,0.0,0,0.0,0.0,0.0,False
22,32,64,64,0.09780083298683166,0.04058505654335022,0.0,0.11375187635421753,0.09554797530174255,0.0,0.18389546871185303,0.11852695465087891,0.0,0.03836774826049805,0.0,0.0,17500885.0,17428277.0,-72608.0,-0.4166103166710054,45193.0,39773.0,-5420.0,-13.627335126844844,64,64,64,17428277.0,0.0,0.0,39773.0,0.0,0.0,0,0.0,0.0,0.0,False
35,32,64,64,0.0952550232410431,0.03736802935600281,0.0,0.11745283484458924,0.0979781436920166,0.0,0.1780549728870392,0.11433289051055909,0.0,0.04149961471557617,0.0,0.0,17500885.0,17428277.0,-72608.0,-0.4166103166710054,45193.0,39773.0,-5420.0,-13.627335126844844,64,64,64,17428277.0,0.0,0.0,39773.0,0.0,0.0,0,0.0,0.0,0.0,False
36,32,64,64,0.09696605205535888,0.04204669833183289,0.0,0.11297471761703491,0.09559131383895875,0.0,0.17753006458282472,0.11372003316879273,0.0,0.04059457778930664,0.0,0.0,17500885.0,17428277.0,-72608.0,-0.4166103166710054,45193.0,39773.0,-5420.0,-13.627335126844844,64,64,64,17428277.0,0.0,0.0,39773.0,0.0,0.0,0,0.0,0.0,0.0,False
41,32,64,64,0.09958669066429138,0.04373758792877197,0.0,0.11744806528091431,0.09816625356674194,0.0,0.18218660473823547,0.11764168500900268,0.0,0.04256105422973633,0.0,0.0,17500885.0,17428277.0,-72608.0,-0.4166103166710054,45193.0,39773.0,-5420.0,-13.627335126844844,64,64,64,17428277.0,0.0,0.0,39773.0,0.0,0.0,0,0.0,0.0,0.0,False
47,32,64,64,0.09896880030632019,0.040302000045776366,0.0,0.11876748085021972,0.10057917833328248,0.0,0.18469146966934205,0.11956678032875061,0.0,0.04336094856262207,0.0,0.0,17500885.0,17428277.0,-72608.0,-0.4166103166710054,45193.0,39773.0,-5420.0,-13.627335126844844,64,64,64,17428277.0,0.0,0.0,39773.0,0.0,0.0,0,0.0,0.0,0.0,False
53,32,64,64,0.10084755063056945,0.04359593152999878,0.0,0.11418545961380006,0.09486013293266296,0.0,0.172609646320343,0.11133581757545472,0.0,0.039136648178100586,0.0,0.0,17500885.0,17428277.0,-72608.0,-0.4166103166710054,45193.0,39773.0,-5420.0,-13.627335126844844,64,64,64,17428277.0,0.0,0.0,39773.0,0.0,0.0,0,0.0,0.0,0.0,False
64,32,64,64,0.09807530641555787,0.04009280562400818,0.0,0.11391670107841492,0.09725454926490784,0.0,0.18103452086448668,0.11657597541809082,0.0,0.04522204399108887,0.0,0.0,17500885.0,17428277.0,-72608.0,-0.4166103166710054,45193.0,39773.0,-5420.0,-13.627335126844844,64,64,64,17428277.0,0.0,0.0,39773.0,0.0,0.0,0,0.0,0.0,0.0,False
65,32,64,64,0.09463514924049378,0.03860718965530396,0.0,0.11672285795211793,0.09736074090003967,0.0,0.18271084308624266,0.11766140103340149,0.0,0.040662288665771484,0.0,0.0,17500885.0,17428277.0,-72608.0,-0.4166103166710054,45193.0,39773.0,-5420.0,-13.627335126844844,64,64,64,17428277.0,0.0,0.0,39773.0,0.0,0.0,0,0.0,0.0,0.0,False
66,32,64,64,0.09883424282073974,0.041426732540130615,0.0,0.11611716032028198,0.09869089007377624,0.0,0.1822471284866333,0.11765599131584167,0.0,0.0389707088470459,0.0,0.0,17500885.0,17428277.0,-72608.0,-0.4166103166710054,45193.0,39773.0,-5420.0,-13.627335126844844,64,64,64,17428277.0,0.0,0.0,39773.0,0.0,0.0,0,0.0,0.0,0.0,False
77,32,64,64,0.09553060173988343,0.04009391069412231,0.0,0.11399786949157714,0.09542539358139038,0.0,0.17806895732879638,0.11481817126274109,0.0,0.04357099533081055,0.0,0.0,17500885.0,17428277.0,-72608.0,-0.4166103166710054,45193.0,39773.0,-5420.0,-13.627335126844844,64,64,64,17428277.0,0.0,0.0,39773.0,0.0,0.0,0,0.0,0.0,0.0,False
97,32,64,64,0.09909206628799438,0.04149327635765076,0.0,0.11785200595855713,0.09855287075042725,0.0,0.18429275035858153,0.11929407596588135,0.0,0.04235982894897461,0.0,0.0,17500885.0,17428277.0,-72608.0,-0.4166103166710054,45193.0,39773.0,-5420.0,-13.627335126844844,64,64,64,17428277.0,0.0,0.0,39773.0,0.0,0.0,0,0.0,0.0,0.0,False
107,32,64,64,0.0933002245426178,0.03892039775848389,0.0,0.11521655917167664,0.09587221145629883,0.0,0.17126911163330077,0.11059554696083068,0.0,0.037622690200805664,0.0,0.0,17500885.0,17428277.0,-72608.0,-0.4166103166710054,45193.0,39773.0,-5420.0,-13.627335126844844,64,64,64,17428277.0,0.0,0.0,39773.0,0.0,0.0,0,0.0,0.0,0.0,False
109,32,64,64,0.09151231169700623,0.0370155143737793,0.0,0.11733380675315858,0.09744063258171082,0.0,0.1805203676223755,0.11535848379135132,0.0,0.03799867630004883,0.0,0.0,17500885.0,17428277.0,-72608.0,-0.4166103166710054,45193.0,39773.0,-5420.0,-13.627335126844844,64,64,64,17428277.0,0.0,0.0,39773.0,0.0,0.0,0,0.0,0.0,0.0,False
113,32,64,64,0.09682089567184449,0.039271438121795656,0.0,0.11675419807434081,0.09734461903572082,0.0,0.1834578812122345,0.11878580808639526,0.0,0.045584678649902344,0.0,0.0,17500885.0,17428277.0,-72608.0,-0.4166103166710054,45193.0,39773.0,-5420.0,-13.627335126844844,64,64,64,17428277.0,0.0,0.0,39773.0,0.0,0.0,0,0.0,0.0,0.0,False
