model,dataset,layer_index,layer_name,mac_dense,mac_useful,mac_skipped,mac_reduction_percent,activation_elements,zero_activations,activation_sparsity_percent,baseline_cycles_64_dense,sparse_cycles_16,sparse_cycles_32,sparse_cycles_64,feasible_16,feasible_32,feasible_64,selected_pe,selected_cycles,pe_reduction_percent,cycle_saving_percent,cycle_budget_difference
vgg16,cifar10,0,features.0,35389440000,33930240000,1459200000,4.123263888888889,61440000,0,0.0,552960000,2120640000,1060320000,530160000,False,False,True,64,530160000,0.0,4.123263888888888,22800000
vgg16,cifar10,1,features.2,754974720000,247997392896,506977327104,67.15156331380209,1310720000,861403292,65.71985565185547,11796480000,15499837056,7749918528,3874959264,False,True,True,32,7749918528,50.0,34.30312662760417,4046561472
vgg16,cifar10,2,features.5,377487360000,38159276288,339328083712,89.89124396430121,327680000,291384430,88.92347106933593,5898240000,2384954768,1192477384,596238692,True,True,True,16,2384954768,75.0,59.56497585720486,3513285232
vgg16,cifar10,3,features.7,754974720000,125472309504,629502410496,83.38059458414713,655360000,534950172,81.62691833496093,11796480000,7842019344,3921009672,1960504836,True,True,True,16,7842019344,75.0,33.522378336588545,3954460656
vgg16,cifar10,4,features.10,377487360000,55106971648,322380388352,85.4016379123264,163840000,135203492,82.52166259765625,5898240000,3444185728,1722092864,861046432,True,True,True,16,3444185728,75.0,41.60655164930556,2454054272
vgg16,cifar10,5,features.12,754974720000,53385297408,701589422592,92.92886291503906,327680000,299400944,91.3699169921875,11796480000,3336581088,1668290544,834145272,True,True,True,16,3336581088,75.0,71.71545166015625,8459898912
vgg16,cifar10,6,features.14,754974720000,48423775232,706550944768,93.58604017469618,327680000,301481782,92.00493835449218,11796480000,3026485952,1513242976,756621488,True,True,True,16,3026485952,75.0,74.34416069878472,8769994048
vgg16,cifar10,7,features.17,377487360000,32764751872,344722608128,91.32030490451389,81920000,71989374,87.87765380859375,5898240000,2047796992,1023898496,511949248,True,True,True,16,2047796992,75.0,65.28121961805556,3850443008
vgg16,cifar10,8,features.19,754974720000,11173744640,743800975360,98.51998426649305,163840000,160168422,97.75904663085937,11796480000,698359040,349179520,174589760,True,True,True,16,698359040,75.0,94.07993706597222,11098120960
vgg16,cifar10,9,features.21,754974720000,3698567168,751276152832,99.51010715060764,163840000,162632368,99.262919921875,11796480000,231160448,115580224,57790112,True,True,True,16,231160448,75.0,98.04042860243055,11565319552
vgg16,cifar10,10,features.24,188743680000,1034276864,187709403136,99.45202039930555,40960000,40454982,98.7670458984375,2949120000,64642304,32321152,16160576,True,True,True,16,64642304,75.0,97.80808159722221,2884477696
vgg16,cifar10,11,features.26,188743680000,385044480,188358635520,99.79599609375,40960000,40771990,99.5409912109375,2949120000,24065280,12032640,6016320,True,True,True,16,24065280,75.0,99.183984375,2925054720
vgg16,cifar10,12,features.28,188743680000,399060992,188344619008,99.78856987847222,40960000,40765146,99.5242822265625,2949120000,24941312,12470656,6235328,True,True,True,16,24941312,75.0,99.1542795138889,2924178688
