layer,PE,array,component,read_actions,write_actions,idle_actions,update_actions,mac_random_actions,other_actions,total_actions
conv1,16,4x4,MAC,0.0,0.0,0.0,0.0,407664.0,0.0,407664.0
conv1,16,4x4,GLB_SRAM,97632.0,0.0,103644.0,100800.0,0.0,0.0,302076.0
conv1,16,4x4,DRAM,3504.0,100803.0,-54007.0,0.0,0.0,0.0,50300.0
conv1,16,4x4,PE_SPAD,1372224.0,793056.0,0.0,0.0,0.0,0.0,2165280.0
conv1,16,4x4,OTHER,0.0,0.0,0.0,0.0,0.0,0.0,0.0
conv1,32,4x8,MAC,0.0,0.0,0.0,0.0,409440.0,0.0,409440.0
conv1,32,4x8,GLB_SRAM,49032.0,0.0,98704.0,100800.0,0.0,0.0,248536.0
conv1,32,4x8,DRAM,3504.0,100807.0,-78695.0,0.0,0.0,0.0,25616.0
conv1,32,4x8,PE_SPAD,1420824.0,793056.0,0.0,0.0,0.0,0.0,2213880.0
conv1,32,4x8,OTHER,0.0,0.0,0.0,0.0,0.0,0.0,0.0
conv1,64,8x8,MAC,0.0,0.0,0.0,0.0,472000.0,0.0,472000.0
conv1,64,8x8,GLB_SRAM,49032.0,0.0,62800.0,57600.0,0.0,0.0,169432.0
conv1,64,8x8,DRAM,3504.0,57607.0,-47767.0,0.0,0.0,0.0,13344.0
conv1,64,8x8,PE_SPAD,1522392.0,851424.0,0.0,0.0,0.0,0.0,2373816.0
conv1,64,8x8,OTHER,0.0,0.0,0.0,0.0,0.0,0.0,0.0
conv2,16,4x4,MAC,0.0,0.0,0.0,0.0,949232.0,0.0,949232.0
conv2,16,4x4,GLB_SRAM,230400.0,0.0,254880.0,225792.0,0.0,0.0,711072.0
conv2,16,4x4,DRAM,8704.0,225795.0,-116505.0,0.0,0.0,0.0,117994.0
conv2,16,4x4,PE_SPAD,3168000.0,1817856.0,0.0,0.0,0.0,0.0,4985856.0
conv2,16,4x4,OTHER,0.0,0.0,0.0,0.0,0.0,0.0,0.0
conv2,32,4x8,MAC,0.0,0.0,0.0,0.0,967648.0,0.0,967648.0
conv2,32,4x8,GLB_SRAM,117504.0,0.0,259756.0,225792.0,0.0,0.0,603052.0
conv2,32,4x8,DRAM,8704.0,225799.0,-173533.0,0.0,0.0,0.0,60970.0
conv2,32,4x8,PE_SPAD,3280896.0,1817856.0,0.0,0.0,0.0,0.0,5098752.0
conv2,32,4x8,OTHER,0.0,0.0,0.0,0.0,0.0,0.0,0.0
conv2,64,8x8,MAC,0.0,0.0,0.0,0.0,1004480.0,0.0,1004480.0
conv2,64,8x8,GLB_SRAM,117504.0,0.0,144384.0,112896.0,0.0,0.0,374784.0
conv2,64,8x8,DRAM,8704.0,112903.0,-93217.0,0.0,0.0,0.0,28390.0
conv2,64,8x8,PE_SPAD,3403008.0,1827072.0,0.0,0.0,0.0,0.0,5230080.0
conv2,64,8x8,OTHER,0.0,0.0,0.0,0.0,0.0,0.0,0.0
conv3,16,4x4,MAC,0.0,0.0,0.0,0.0,847856.0,0.0,847856.0
conv3,16,4x4,GLB_SRAM,184320.0,0.0,285472.0,165888.0,0.0,0.0,635680.0
conv3,16,4x4,DRAM,20480.0,165891.0,-81927.0,0.0,0.0,0.0,104444.0
conv3,16,4x4,PE_SPAD,2350080.0,1373184.0,0.0,0.0,0.0,0.0,3723264.0
conv3,16,4x4,OTHER,0.0,0.0,0.0,0.0,0.0,0.0,0.0
conv3,32,4x8,MAC,0.0,0.0,0.0,0.0,921568.0,0.0,921568.0
conv3,32,4x8,GLB_SRAM,101376.0,0.0,308268.0,165888.0,0.0,0.0,575532.0
conv3,32,4x8,DRAM,20480.0,165895.0,-128351.0,0.0,0.0,0.0,58024.0
conv3,32,4x8,PE_SPAD,2433024.0,1373184.0,0.0,0.0,0.0,0.0,3806208.0
conv3,32,4x8,OTHER,0.0,0.0,0.0,0.0,0.0,0.0,0.0
conv3,64,8x8,MAC,0.0,0.0,0.0,0.0,1068992.0,0.0,1068992.0
conv3,64,8x8,GLB_SRAM,101376.0,0.0,215936.0,82944.0,0.0,0.0,400256.0
conv3,64,8x8,DRAM,20480.0,82951.0,-74547.0,0.0,0.0,0.0,28884.0
conv3,64,8x8,PE_SPAD,2552832.0,1410048.0,0.0,0.0,0.0,0.0,3962880.0
conv3,64,8x8,OTHER,0.0,0.0,0.0,0.0,0.0,0.0,0.0
