layer,PE,array,total_cycles,overall_utilization_pct,mapping_efficiency_pct,avg_ifmap_sram_bw,avg_filter_sram_bw,avg_ofmap_sram_bw,avg_ifmap_dram_bw,avg_filter_dram_bw,avg_ofmap_dram_bw
conv1,16,4x4,25479.0,95.37265983751324,96.42857142857143,3.81490639350053,0.016955139526669022,3.9561992228894383,9.365853658536585,6.545454545454546,4.071861366941348
conv1,32,4x8,12795.0,94.95896834701055,96.42857142857143,3.798358733880422,0.03376318874560375,7.878077373974208,9.365853658536585,6.545454545454546,8.120428548413082
conv1,64,8x8,7375.0,82.37288135593221,84.375,6.589830508474576,0.058576271186440675,7.810169491525424,9.365853658536585,6.545454545454546,9.17601146862058
conv2,16,4x4,59327.0,95.14723481719959,100.0,3.8058893926879835,0.07767121209567314,3.8058893926879835,8.923747276688454,8.793893129770993,3.892077774330334
conv2,32,4x8,30239.0,93.33641985515393,100.0,3.7334567942061576,0.15238599160025132,7.466913588412315,8.923747276688454,8.793893129770993,7.653684495966375
conv2,64,8x8,15695.0,89.91398534565148,100.0,7.1931188276521185,0.2935966868429436,7.1931188276521185,8.923747276688454,8.793893129770993,8.545488949439903
conv3,16,4x4,52991.0,78.26234643618727,100.0,3.130493857447491,0.34783265082749903,3.130493857447491,7.816793893129771,9.701052631578948,3.3138433879344786
conv3,32,4x8,28799.0,72.00250008680857,100.0,2.880100003472343,0.6400222229938539,5.760200006944686,7.816793893129771,9.701052631578948,6.178584729981378
conv3,64,8x8,16703.0,62.07268155421182,100.0,4.965814524336945,1.1035143387415434,4.965814524336945,7.816793893129771,9.701052631578948,6.754967426710098
