layer,PE,array,LayerID,SRAM IFMAP Start Cycle,SRAM IFMAP Stop Cycle,SRAM IFMAP Reads,SRAM Filter Start Cycle,SRAM Filter Stop Cycle,SRAM Filter Reads,SRAM OFMAP Start Cycle,SRAM OFMAP Stop Cycle,SRAM OFMAP Writes,DRAM IFMAP Start Cycle,DRAM IFMAP Stop Cycle,DRAM IFMAP Reads,DRAM Filter Start Cycle,DRAM Filter Stop Cycle,DRAM Filter Reads,DRAM OFMAP Start Cycle,DRAM OFMAP Stop Cycle,DRAM OFMAP Writes,IFMAP Write Count,IFMAP Read Count,Filter Write Count,Filter Read Count,OFMAP Write Count,OFMAP Read Count,,source_file
conv1,16,4x4,0,5.0,25476.0,97200,1.0,24574.0,432,7.0,25479.0,100800,-328.0,-1.0,3072,-66.0,-1.0,432,8290.0,33045.0,100803,388800,680400,1056.0,389424.0,403200,302400,,/home/cs25m115/Neural_Acc/exp1/stage7c_per_layer_energy/runs/conv1_16pe/scale_sim_output_scale_16pe_energy/DETAILED_ACCESS_REPORT.csv
conv1,32,4x8,0,5.0,12788.0,48600,1.0,11886.0,432,7.0,12795.0,100800,-328.0,-1.0,3072,-66.0,-1.0,432,4162.0,16575.0,100807,388800,729000,1056.0,389424.0,403200,302400,,/home/cs25m115/Neural_Acc/exp1/stage7c_per_layer_energy/runs/conv1_32pe/scale_sim_output_scale_32pe_energy/DETAILED_ACCESS_REPORT.csv
conv1,64,8x8,0,9.0,7364.0,48600,1.0,6462.0,432,15.0,7375.0,57600,-328.0,-1.0,3072,-66.0,-1.0,432,4202.0,10479.0,57607,388800,729000,1824.0,390192.0,460800,403200,,/home/cs25m115/Neural_Acc/exp1/stage7c_per_layer_energy/runs/conv1_64pe/scale_sim_output_scale_64pe_energy/DETAILED_ACCESS_REPORT.csv
conv2,16,4x4,0,5.0,59325.0,225792,1.0,59126.0,4608,7.0,59327.0,225792,-459.0,-1.0,4096,-524.0,-1.0,4608,8610.0,66623.0,225795,903168,1580544,11520.0,910080.0,903168,677376,,/home/cs25m115/Neural_Acc/exp1/stage7c_per_layer_energy/runs/conv2_16pe/scale_sim_output_scale_16pe_energy/DETAILED_ACCESS_REPORT.csv
conv2,32,4x8,0,5.0,30233.0,112896,1.0,30034.0,4608,7.0,30239.0,225792,-459.0,-1.0,4096,-524.0,-1.0,4608,4386.0,33887.0,225799,903168,1693440,11520.0,910080.0,903168,677376,,/home/cs25m115/Neural_Acc/exp1/stage7c_per_layer_energy/runs/conv2_32pe/scale_sim_output_scale_32pe_energy/DETAILED_ACCESS_REPORT.csv
conv2,64,8x8,0,9.0,15689.0,112896,1.0,15486.0,4608,15.0,15695.0,112896,-459.0,-1.0,4096,-524.0,-1.0,4608,4554.0,17765.0,112903,903168,1693440,20736.0,919296.0,903168,790272,,/home/cs25m115/Neural_Acc/exp1/stage7c_per_layer_energy/runs/conv2_64pe/scale_sim_output_scale_64pe_energy/DETAILED_ACCESS_REPORT.csv
conv3,16,4x4,0,5.0,52989.0,165888,1.0,52950.0,18432,7.0,52991.0,165888,-262.0,-1.0,2048,-1900.0,-1.0,18432,10470.0,60529.0,165891,663552,1161216,46080.0,691200.0,663552,497664,,/home/cs25m115/Neural_Acc/exp1/stage7c_per_layer_energy/runs/conv3_16pe/scale_sim_output_scale_16pe_energy/DETAILED_ACCESS_REPORT.csv
conv3,32,4x8,0,5.0,28793.0,82944,1.0,28754.0,18432,7.0,28799.0,165888,-262.0,-1.0,2048,-1900.0,-1.0,18432,5688.0,32537.0,165895,663552,1244160,46080.0,691200.0,663552,497664,,/home/cs25m115/Neural_Acc/exp1/stage7c_per_layer_energy/runs/conv3_32pe/scale_sim_output_scale_32pe_energy/DETAILED_ACCESS_REPORT.csv
conv3,64,8x8,0,9.0,16697.0,82944,1.0,16654.0,18432,15.0,16703.0,82944,-262.0,-1.0,2048,-1900.0,-1.0,18432,6600.0,18879.0,82951,663552,1244160,82944.0,728064.0,663552,580608,,/home/cs25m115/Neural_Acc/exp1/stage7c_per_layer_energy/runs/conv3_64pe/scale_sim_output_scale_64pe_energy/DETAILED_ACCESS_REPORT.csv
